{
    "strat1":{
        "Cyclical":[0.12211630185174556, 0.5602380952380953],
        "Stable":[0.09850702329709814, 0.608],
        "Growth":[0.07047300528681866, 0.5069327731092437]
    }
}